{"lensDistortionCenter":[1545.966064453125,1155.0067138671875],"lensDistortionLookup":"wLf8tUzwCzhOpBE5CKqkOaU5EjqwrGM6qQ+jOght3Dodvg47L9kyO\/00WjtdOII7iY6YOwjerzvF4Mc7BUrgOzTH+Dt6gAg8Rk4UPNKeHzwlRCo8mhE0PB\/dPDyEgEQ8z9pKPJHRTzwrUlM8\/lJVPHTUVTzn4VQ8VZJSPOQITzw4dUo8nBNFPAAtPzzoFjk8ODMzPADwLTxBxyk8oz4nPBvnJjxaXCk8","intrinsicReferenceDimensionHeight":2320,"intrinsicReferenceDimensionWidth":3088,"extrinsic":[1,0,0,0,1,0,0,0,1],"pixelSize":"0.001","intrinsic":[2874.569580078125,0,0,0,2874.569580078125,0,1545.966064453125,1155.0067138671875,1],"inverseLensDistortionLookup":"502QNltxArj6rg+5ruujuffnEbqdPWO60aSiukGa27qm\/g27pJoxuxJJWLsJ04C7AqGWu+1Qrbvln8S7G0bcu5L387t7sgW8WB4RvB0WHLzDcCa8VwYwvOGwOLxgTUC8y7xGvCvlS7yxsk+8zhhSvFATU7xmp1K8puRQvO7lTbwu0km8A91EvCtHP7ypXjm8p34zvOwOLrzngim8ElgmvLcTJbzDPya8"}